sid,sub,pid,pred,oid,obj,class,score,,paths
2855700,dbr:Woodrow_Wilson,571,dbo:spouse,826472,dbr:Edith_Bolling_Galt_Wilson,1,0.324734205,0,"['dbr:Woodrow_Wilson\n', 'dbr:Ellen_Axson_Wilson\n', 'dbr:Edith_Bolling_Galt_Wilson\n']"
2803138,dbr:Warren_G._Harding,571,dbo:spouse,826472,dbr:Edith_Bolling_Galt_Wilson,0,0.324734205,1,"['dbr:Warren_G._Harding\n', 'dbr:Florence_Harding\n', 'dbr:Edith_Bolling_Galt_Wilson\n']"
1039239,dbr:Gerald_Ford,571,dbo:spouse,826472,dbr:Edith_Bolling_Galt_Wilson,0,0.087834015,10,"['dbr:Gerald_Ford\n', 'db:ontology/OfficeHolder\n', 'dbr:Edith_Bolling_Galt_Wilson\n']"
1036228,dbr:George_W._Bush,571,dbo:spouse,403020,dbr:Bess_Truman,0,0.13673254,100,"['dbr:George_W._Bush\n', 'dbr:Barbara_Bush\n', 'dbr:First_Lady_of_the_United_States\n', 'dbr:Bess_Truman\n']"
360813,dbr:Barack_Obama,571,dbo:spouse,403020,dbr:Bess_Truman,0,0.102056909,101,"['dbr:Barack_Obama\n', 'dbr:The_After_Party:_The_Last_Party_3\n', 'dbr:Barbara_Bush\n', 'dbr:First_Lady_of_the_United_States\n', 'dbr:Bess_Truman\n']"
2855700,dbr:Woodrow_Wilson,571,dbo:spouse,1687544,dbr:Mamie_Eisenhower,0,0.130714186,102,"['dbr:Woodrow_Wilson\n', 'dbr:Presbyterianism\n', 'dbr:Mamie_Eisenhower\n']"
2803138,dbr:Warren_G._Harding,571,dbo:spouse,1687544,dbr:Mamie_Eisenhower,0,0.101615542,103,"['dbr:Warren_G._Harding\n', 'dbr:Wallace_Rider_Farrington\n', 'dbr:Lawrence_M._Judd\n', 'dbr:Dwight_D._Eisenhower\n', 'dbr:Mamie_Eisenhower\n']"
520375,dbr:Calvin_Coolidge,571,dbo:spouse,1687544,dbr:Mamie_Eisenhower,0,0.12125503,104,"['dbr:Calvin_Coolidge\n', 'dbr:J._Edgar_Hoover\n', 'dbr:Dwight_D._Eisenhower\n', 'dbr:Mamie_Eisenhower\n']"
1170654,dbr:Herbert_Hoover,571,dbo:spouse,1687544,dbr:Mamie_Eisenhower,0,0.148301873,105,"['dbr:Herbert_Hoover\n', 'dbr:Lou_Henry_Hoover\n', 'dbr:First_Lady_of_the_United_States\n', 'dbr:Mamie_Eisenhower\n']"
982697,dbr:Franklin_D._Roosevelt,571,dbo:spouse,1687544,dbr:Mamie_Eisenhower,0,0.150083436,106,"['dbr:Franklin_D._Roosevelt\n', 'dbr:Eleanor_Roosevelt\n', 'dbr:Bess_Truman\n', 'dbr:Mamie_Eisenhower\n']"
1146400,dbr:Harry_S._Truman,571,dbo:spouse,1687544,dbr:Mamie_Eisenhower,0,0.286951732,107,"['dbr:Harry_S._Truman\n', 'dbr:Bess_Truman\n', 'dbr:Mamie_Eisenhower\n']"
808950,dbr:Dwight_D._Eisenhower,571,dbo:spouse,1687544,dbr:Mamie_Eisenhower,1,0.286951732,108,"['dbr:Dwight_D._Eisenhower\n', 'dbr:Doud_Eisenhower\n', 'dbr:Mamie_Eisenhower\n']"
1351832,dbr:John_F._Kennedy,571,dbo:spouse,1687544,dbr:Mamie_Eisenhower,0,0.312771273,109,"['dbr:John_F._Kennedy\n', 'dbr:Presidency_of_Dwight_D._Eisenhower\n', 'dbr:Mamie_Eisenhower\n']"
1334643,dbr:Jimmy_Carter,571,dbo:spouse,826472,dbr:Edith_Bolling_Galt_Wilson,0,0.094528719,11,"['dbr:Jimmy_Carter\n', 'dbr:James_Dickson_Phillips,_Jr.\n', 'dbr:Davidson_College\n', 'dbr:Woodrow_Wilson\n', 'dbr:Edith_Bolling_Galt_Wilson\n']"
1655502,dbr:Lyndon_B._Johnson,571,dbo:spouse,1687544,dbr:Mamie_Eisenhower,0,0.164268448,110,"['dbr:Lyndon_B._Johnson\n', 'dbr:Ridgway_B._Knight\n', 'dbr:John_Eisenhower\n', 'dbr:Mamie_Eisenhower\n']"
2208013,dbr:Richard_Nixon,571,dbo:spouse,1687544,dbr:Mamie_Eisenhower,0,0.312771273,111,"['dbr:Richard_Nixon\n', 'dbr:Presidency_of_Dwight_D._Eisenhower\n', 'dbr:Mamie_Eisenhower\n']"
1039239,dbr:Gerald_Ford,571,dbo:spouse,1687544,dbr:Mamie_Eisenhower,0,0.14262757,112,"['dbr:Gerald_Ford\n', 'dbr:Betty_Ford\n', 'dbr:First_Lady_of_the_United_States\n', 'dbr:Mamie_Eisenhower\n']"
1334643,dbr:Jimmy_Carter,571,dbo:spouse,1687544,dbr:Mamie_Eisenhower,0,0.125239265,113,"['dbr:Jimmy_Carter\n', 'dbr:Arthur_F._Burns\n', 'dbr:Dwight_D._Eisenhower\n', 'dbr:Mamie_Eisenhower\n']"
2245582,dbr:Ronald_Reagan,571,dbo:spouse,1687544,dbr:Mamie_Eisenhower,0,0.141474221,114,"['dbr:Ronald_Reagan\n', 'dbr:Nancy_Reagan\n', 'dbr:First_Lady_of_the_United_States\n', 'dbr:Mamie_Eisenhower\n']"
1032631,dbr:George_H._W._Bush,571,dbo:spouse,1687544,dbr:Mamie_Eisenhower,0,0.13673254,115,"['dbr:George_H._W._Bush\n', 'dbr:Barbara_Bush\n', 'dbr:First_Lady_of_the_United_States\n', 'dbr:Mamie_Eisenhower\n']"
413832,dbr:Bill_Clinton,571,dbo:spouse,1687544,dbr:Mamie_Eisenhower,0,0.102777874,116,"['dbr:Bill_Clinton\n', 'dbr:Lyndon_Lowell_Olson,_Jr.\n', 'dbr:Presbyterianism\n', 'dbr:Mamie_Eisenhower\n']"
1036228,dbr:George_W._Bush,571,dbo:spouse,1687544,dbr:Mamie_Eisenhower,0,0.13673254,117,"['dbr:George_W._Bush\n', 'dbr:Barbara_Bush\n', 'dbr:First_Lady_of_the_United_States\n', 'dbr:Mamie_Eisenhower\n']"
360813,dbr:Barack_Obama,571,dbo:spouse,1687544,dbr:Mamie_Eisenhower,0,0.102056909,118,"['dbr:Barack_Obama\n', 'dbr:The_After_Party:_The_Last_Party_3\n', 'dbr:Barbara_Bush\n', 'dbr:First_Lady_of_the_United_States\n', 'dbr:Mamie_Eisenhower\n']"
2855700,dbr:Woodrow_Wilson,571,dbo:spouse,1285324,dbr:Jacqueline_Kennedy_Onassis,0,0.115534936,119,"['dbr:Woodrow_Wilson\n', 'dbr:Ellen_Axson_Wilson\n', 'dbr:Helen_Herron_Taft\n', 'dbr:First_Lady_of_the_United_States\n', 'dbr:Jacqueline_Kennedy_Onassis\n']"
2245582,dbr:Ronald_Reagan,571,dbo:spouse,826472,dbr:Edith_Bolling_Galt_Wilson,0,0.087834015,12,"['dbr:Ronald_Reagan\n', 'db:ontology/OfficeHolder\n', 'dbr:Edith_Bolling_Galt_Wilson\n']"
2803138,dbr:Warren_G._Harding,571,dbo:spouse,1285324,dbr:Jacqueline_Kennedy_Onassis,0,0.104941465,120,"['dbr:Warren_G._Harding\n', 'dbr:Andrew_W._Mellon\n', 'dbr:Southampton_(village),_New_York\n', 'dbr:Edith_Ewing_Bouvier_Beale\n', 'dbr:Jacqueline_Kennedy_Onassis\n']"
520375,dbr:Calvin_Coolidge,571,dbo:spouse,1285324,dbr:Jacqueline_Kennedy_Onassis,0,0.123170514,121,"['dbr:Calvin_Coolidge\n', 'dbr:J._Edgar_Hoover\n', 'dbr:John_F._Kennedy\n', 'dbr:Jacqueline_Kennedy_Onassis\n']"
1170654,dbr:Herbert_Hoover,571,dbo:spouse,1285324,dbr:Jacqueline_Kennedy_Onassis,0,0.148301873,122,"['dbr:Herbert_Hoover\n', 'dbr:Lou_Henry_Hoover\n', 'dbr:First_Lady_of_the_United_States\n', 'dbr:Jacqueline_Kennedy_Onassis\n']"
982697,dbr:Franklin_D._Roosevelt,571,dbo:spouse,1285324,dbr:Jacqueline_Kennedy_Onassis,0,0.135941458,123,"['dbr:Franklin_D._Roosevelt\n', 'dbr:Eleanor_Roosevelt\n', 'dbr:First_Lady_of_the_United_States\n', 'dbr:Jacqueline_Kennedy_Onassis\n']"
1146400,dbr:Harry_S._Truman,571,dbo:spouse,1285324,dbr:Jacqueline_Kennedy_Onassis,0,0.16529319,124,"['dbr:Harry_S._Truman\n', 'dbr:Bess_Truman\n', 'dbr:Mamie_Eisenhower\n', 'dbr:Jacqueline_Kennedy_Onassis\n']"
808950,dbr:Dwight_D._Eisenhower,571,dbo:spouse,1285324,dbr:Jacqueline_Kennedy_Onassis,0,0.280508894,125,"['dbr:Dwight_D._Eisenhower\n', 'dbr:Mamie_Eisenhower\n', 'dbr:Jacqueline_Kennedy_Onassis\n']"
1351832,dbr:John_F._Kennedy,571,dbo:spouse,1285324,dbr:Jacqueline_Kennedy_Onassis,1,0.339453666,126,"['dbr:John_F._Kennedy\n', 'dbr:Patrick_Bouvier_Kennedy\n', 'dbr:Jacqueline_Kennedy_Onassis\n']"
1655502,dbr:Lyndon_B._Johnson,571,dbo:spouse,1285324,dbr:Jacqueline_Kennedy_Onassis,0,0.286951732,127,"['dbr:Lyndon_B._Johnson\n', 'dbr:Timeline_of_the_presidency_of_John_F._Kennedy\n', 'dbr:Jacqueline_Kennedy_Onassis\n']"
2208013,dbr:Richard_Nixon,571,dbo:spouse,1285324,dbr:Jacqueline_Kennedy_Onassis,0,0.173545612,128,"['dbr:Richard_Nixon\n', 'dbr:Presidency_of_Dwight_D._Eisenhower\n', 'dbr:Mamie_Eisenhower\n', 'dbr:Jacqueline_Kennedy_Onassis\n']"
1039239,dbr:Gerald_Ford,571,dbo:spouse,1285324,dbr:Jacqueline_Kennedy_Onassis,0,0.14262757,129,"['dbr:Gerald_Ford\n', 'dbr:Betty_Ford\n', 'dbr:First_Lady_of_the_United_States\n', 'dbr:Jacqueline_Kennedy_Onassis\n']"
1032631,dbr:George_H._W._Bush,571,dbo:spouse,826472,dbr:Edith_Bolling_Galt_Wilson,0,0.087834015,13,"['dbr:George_H._W._Bush\n', 'db:ontology/OfficeHolder\n', 'dbr:Edith_Bolling_Galt_Wilson\n']"
1334643,dbr:Jimmy_Carter,571,dbo:spouse,1285324,dbr:Jacqueline_Kennedy_Onassis,0,0.115604682,130,"['dbr:Jimmy_Carter\n', 'dbr:Lyle_Franklin_Lane\n', 'dbr:George_Washington_University\n', 'dbr:Jacqueline_Kennedy_Onassis\n']"
2245582,dbr:Ronald_Reagan,571,dbo:spouse,1285324,dbr:Jacqueline_Kennedy_Onassis,0,0.141474221,131,"['dbr:Ronald_Reagan\n', 'dbr:Nancy_Reagan\n', 'dbr:First_Lady_of_the_United_States\n', 'dbr:Jacqueline_Kennedy_Onassis\n']"
1032631,dbr:George_H._W._Bush,571,dbo:spouse,1285324,dbr:Jacqueline_Kennedy_Onassis,0,0.13673254,132,"['dbr:George_H._W._Bush\n', 'dbr:Barbara_Bush\n', 'dbr:First_Lady_of_the_United_States\n', 'dbr:Jacqueline_Kennedy_Onassis\n']"
413832,dbr:Bill_Clinton,571,dbo:spouse,1285324,dbr:Jacqueline_Kennedy_Onassis,0,0.140661862,133,"['dbr:Bill_Clinton\n', 'dbr:Jean_Kennedy_Smith\n', 'dbr:Maria_Shriver\n', 'dbr:Jacqueline_Kennedy_Onassis\n']"
1036228,dbr:George_W._Bush,571,dbo:spouse,1285324,dbr:Jacqueline_Kennedy_Onassis,0,0.13673254,134,"['dbr:George_W._Bush\n', 'dbr:Barbara_Bush\n', 'dbr:First_Lady_of_the_United_States\n', 'dbr:Jacqueline_Kennedy_Onassis\n']"
360813,dbr:Barack_Obama,571,dbo:spouse,1285324,dbr:Jacqueline_Kennedy_Onassis,0,0.12197824,135,"['dbr:Barack_Obama\n', 'dbr:Jonathan_Coppess\n', 'dbr:George_Washington_University\n', 'dbr:Jacqueline_Kennedy_Onassis\n']"
2855700,dbr:Woodrow_Wilson,571,dbo:spouse,1506604,dbr:Lady_Bird_Johnson,0,0.115534936,136,"['dbr:Woodrow_Wilson\n', 'dbr:Ellen_Axson_Wilson\n', 'dbr:Helen_Herron_Taft\n', 'dbr:First_Lady_of_the_United_States\n', 'dbr:Lady_Bird_Johnson\n']"
2803138,dbr:Warren_G._Harding,571,dbo:spouse,1506604,dbr:Lady_Bird_Johnson,0,0.096148021,137,"['dbr:Warren_G._Harding\n', 'dbr:James_J._Davis\n', 'dbr:Francis_J._Myers\n', 'dbr:Lyndon_B._Johnson\n', 'dbr:Lady_Bird_Johnson\n']"
520375,dbr:Calvin_Coolidge,571,dbo:spouse,1506604,dbr:Lady_Bird_Johnson,0,0.120722672,138,"['dbr:Calvin_Coolidge\n', 'dbr:J._Edgar_Hoover\n', 'dbr:Lyndon_B._Johnson\n', 'dbr:Lady_Bird_Johnson\n']"
1170654,dbr:Herbert_Hoover,571,dbo:spouse,1506604,dbr:Lady_Bird_Johnson,0,0.148301873,139,"['dbr:Herbert_Hoover\n', 'dbr:Lou_Henry_Hoover\n', 'dbr:First_Lady_of_the_United_States\n', 'dbr:Lady_Bird_Johnson\n']"
413832,dbr:Bill_Clinton,571,dbo:spouse,826472,dbr:Edith_Bolling_Galt_Wilson,0,0.094444503,14,"['dbr:Bill_Clinton\n', 'dbr:Karen_Nelson_Moore\n', 'dbr:Washington,_D.C.\n', 'dbr:Edith_Bolling_Galt_Wilson\n']"
982697,dbr:Franklin_D._Roosevelt,571,dbo:spouse,1506604,dbr:Lady_Bird_Johnson,0,0.135941458,140,"['dbr:Franklin_D._Roosevelt\n', 'dbr:Eleanor_Roosevelt\n', 'dbr:First_Lady_of_the_United_States\n', 'dbr:Lady_Bird_Johnson\n']"
1146400,dbr:Harry_S._Truman,571,dbo:spouse,1506604,dbr:Lady_Bird_Johnson,0,0.150083436,141,"['dbr:Harry_S._Truman\n', 'dbr:Bess_Truman\n', 'dbr:First_Lady_of_the_United_States\n', 'dbr:Lady_Bird_Johnson\n']"
808950,dbr:Dwight_D._Eisenhower,571,dbo:spouse,1506604,dbr:Lady_Bird_Johnson,0,0.148301873,142,"['dbr:Dwight_D._Eisenhower\n', 'dbr:Mamie_Eisenhower\n', 'dbr:First_Lady_of_the_United_States\n', 'dbr:Lady_Bird_Johnson\n']"
1351832,dbr:John_F._Kennedy,571,dbo:spouse,1506604,dbr:Lady_Bird_Johnson,0,0.232783514,143,"['dbr:John_F._Kennedy\n', 'dbr:Jacqueline_Kennedy_Onassis\n', 'dbr:Lady_Bird_Johnson\n']"
1655502,dbr:Lyndon_B._Johnson,571,dbo:spouse,1506604,dbr:Lady_Bird_Johnson,1,0.419059784,144,"['dbr:Lyndon_B._Johnson\n', 'dbr:Lynda_Bird_Johnson_Robb\n', 'dbr:Lady_Bird_Johnson\n']"
2208013,dbr:Richard_Nixon,571,dbo:spouse,1506604,dbr:Lady_Bird_Johnson,0,0.265069976,145,"['dbr:Richard_Nixon\n', 'dbr:Pat_Nixon\n', 'dbr:Lady_Bird_Johnson\n']"
1039239,dbr:Gerald_Ford,571,dbo:spouse,1506604,dbr:Lady_Bird_Johnson,0,0.151382071,146,"['dbr:Gerald_Ford\n', 'dbr:Betty_Ford\n', 'dbr:Pat_Nixon\n', 'dbr:Lady_Bird_Johnson\n']"
1334643,dbr:Jimmy_Carter,571,dbo:spouse,1506604,dbr:Lady_Bird_Johnson,0,0.12823899,147,"['dbr:Jimmy_Carter\n', 'dbr:Esther_Peterson\n', 'dbr:Lyndon_B._Johnson\n', 'dbr:Lady_Bird_Johnson\n']"
2245582,dbr:Ronald_Reagan,571,dbo:spouse,1506604,dbr:Lady_Bird_Johnson,0,0.141474221,148,"['dbr:Ronald_Reagan\n', 'dbr:Nancy_Reagan\n', 'dbr:First_Lady_of_the_United_States\n', 'dbr:Lady_Bird_Johnson\n']"
1032631,dbr:George_H._W._Bush,571,dbo:spouse,1506604,dbr:Lady_Bird_Johnson,0,0.13673254,149,"['dbr:George_H._W._Bush\n', 'dbr:Barbara_Bush\n', 'dbr:First_Lady_of_the_United_States\n', 'dbr:Lady_Bird_Johnson\n']"
1036228,dbr:George_W._Bush,571,dbo:spouse,826472,dbr:Edith_Bolling_Galt_Wilson,0,0.090961238,15,"['dbr:George_W._Bush\n', 'dbr:Brett_Kavanaugh\n', 'dbr:Washington,_D.C.\n', 'dbr:Edith_Bolling_Galt_Wilson\n']"
413832,dbr:Bill_Clinton,571,dbo:spouse,1506604,dbr:Lady_Bird_Johnson,0,0.123207422,150,"['dbr:Bill_Clinton\n', 'dbr:James_Robert_Jones\n', 'dbr:Lyndon_B._Johnson\n', 'dbr:Lady_Bird_Johnson\n']"
1036228,dbr:George_W._Bush,571,dbo:spouse,1506604,dbr:Lady_Bird_Johnson,0,0.13673254,151,"['dbr:George_W._Bush\n', 'dbr:Barbara_Bush\n', 'dbr:First_Lady_of_the_United_States\n', 'dbr:Lady_Bird_Johnson\n']"
360813,dbr:Barack_Obama,571,dbo:spouse,1506604,dbr:Lady_Bird_Johnson,0,0.120004469,152,"['dbr:Barack_Obama\n', 'dbr:Jeffrey_L._Viken\n', 'dbr:Huron,_South_Dakota\n', 'dbr:Muriel_Humphrey_Brown\n', 'dbr:Lady_Bird_Johnson\n']"
2855700,dbr:Woodrow_Wilson,571,dbo:spouse,2025365,dbr:Pat_Nixon,0,0.08974326,153,"['dbr:Woodrow_Wilson\n', 'dbr:University_of_Virginia_School_of_Law\n', 'dbr:Alben_W._Barkley\n', 'dbr:Jane_Hadley_Barkley\n', 'dbr:Pat_Nixon\n']"
2803138,dbr:Warren_G._Harding,571,dbo:spouse,2025365,dbr:Pat_Nixon,0,0.087834015,154,"['dbr:Warren_G._Harding\n', 'db:ontology/OfficeHolder\n', 'dbr:Pat_Nixon\n']"
520375,dbr:Calvin_Coolidge,571,dbo:spouse,2025365,dbr:Pat_Nixon,0,0.118374697,155,"['dbr:Calvin_Coolidge\n', 'dbr:J._Edgar_Hoover\n', 'dbr:Richard_Nixon\n', 'dbr:Pat_Nixon\n']"
1170654,dbr:Herbert_Hoover,571,dbo:spouse,2025365,dbr:Pat_Nixon,0,0.118374697,156,"['dbr:Herbert_Hoover\n', 'dbr:J._Edgar_Hoover\n', 'dbr:Richard_Nixon\n', 'dbr:Pat_Nixon\n']"
982697,dbr:Franklin_D._Roosevelt,571,dbo:spouse,2025365,dbr:Pat_Nixon,0,0.118374697,157,"['dbr:Franklin_D._Roosevelt\n', 'dbr:J._Edgar_Hoover\n', 'dbr:Richard_Nixon\n', 'dbr:Pat_Nixon\n']"
1146400,dbr:Harry_S._Truman,571,dbo:spouse,2025365,dbr:Pat_Nixon,0,0.184134365,158,"['dbr:Harry_S._Truman\n', 'dbr:Bess_Truman\n', 'dbr:Jane_Hadley_Barkley\n', 'dbr:Pat_Nixon\n']"
808950,dbr:Dwight_D._Eisenhower,571,dbo:spouse,2025365,dbr:Pat_Nixon,0,0.174871067,159,"['dbr:Dwight_D._Eisenhower\n', 'dbr:David_Eisenhower\n', 'dbr:Julie_Nixon_Eisenhower\n', 'dbr:Pat_Nixon\n']"
360813,dbr:Barack_Obama,571,dbo:spouse,826472,dbr:Edith_Bolling_Galt_Wilson,0,0.163292927,16,"['dbr:Barack_Obama\n', 'dbr:White_House\n', 'dbr:Ellen_Axson_Wilson\n', 'dbr:Edith_Bolling_Galt_Wilson\n']"
1351832,dbr:John_F._Kennedy,571,dbo:spouse,2025365,dbr:Pat_Nixon,0,0.139155437,160,"['dbr:John_F._Kennedy\n', 'dbr:Jacqueline_Kennedy_Onassis\n', 'dbr:Lady_Bird_Johnson\n', 'dbr:Pat_Nixon\n']"
1655502,dbr:Lyndon_B._Johnson,571,dbo:spouse,2025365,dbr:Pat_Nixon,0,0.257044844,161,"['dbr:Lyndon_B._Johnson\n', 'dbr:Lady_Bird_Johnson\n', 'dbr:Pat_Nixon\n']"
2208013,dbr:Richard_Nixon,571,dbo:spouse,2025365,dbr:Pat_Nixon,1,0.324734205,162,"['dbr:Richard_Nixon\n', 'dbr:Julie_Nixon_Eisenhower\n', 'dbr:Pat_Nixon\n']"
1039239,dbr:Gerald_Ford,571,dbo:spouse,2025365,dbr:Pat_Nixon,0,0.260877731,163,"['dbr:Gerald_Ford\n', 'dbr:Betty_Ford\n', 'dbr:Pat_Nixon\n']"
1334643,dbr:Jimmy_Carter,571,dbo:spouse,2025365,dbr:Pat_Nixon,0,0.156294869,164,"['dbr:Jimmy_Carter\n', 'dbr:Rosalynn_Carter\n', 'dbr:Betty_Ford\n', 'dbr:Pat_Nixon\n']"
2245582,dbr:Ronald_Reagan,571,dbo:spouse,2025365,dbr:Pat_Nixon,0,0.11950703,165,"['dbr:Ronald_Reagan\n', 'dbr:William_Ruckelshaus\n', 'dbr:Richard_Nixon\n', 'dbr:Pat_Nixon\n']"
1032631,dbr:George_H._W._Bush,571,dbo:spouse,2025365,dbr:Pat_Nixon,0,0.169987025,166,"['dbr:George_H._W._Bush\n', 'dbr:Richard_Nixon\n', 'dbr:Pat_Nixon\n']"
413832,dbr:Bill_Clinton,571,dbo:spouse,2025365,dbr:Pat_Nixon,0,0.103600929,167,"['dbr:Bill_Clinton\n', 'dbr:Alice_Rivlin\n', 'dbr:Economist\n', 'dbr:Pat_Nixon\n']"
1036228,dbr:George_W._Bush,571,dbo:spouse,2025365,dbr:Pat_Nixon,0,0.115515991,168,"['dbr:George_W._Bush\n', 'dbr:Warren_W._Tichenor\n', 'dbr:University_of_Southern_California\n', 'dbr:Pat_Nixon\n']"
360813,dbr:Barack_Obama,571,dbo:spouse,2025365,dbr:Pat_Nixon,0,0.113133285,169,"['dbr:Barack_Obama\n', 'dbr:Stephen_T._Ayers\n', 'dbr:University_of_Southern_California\n', 'dbr:Pat_Nixon\n']"
2855700,dbr:Woodrow_Wilson,571,dbo:spouse,958544,dbr:Florence_Harding,0,0.324734205,17,"['dbr:Woodrow_Wilson\n', 'dbr:Edith_Bolling_Galt_Wilson\n', 'dbr:Florence_Harding\n']"
2855700,dbr:Woodrow_Wilson,571,dbo:spouse,405282,dbr:Betty_Ford,0,0.115534936,170,"['dbr:Woodrow_Wilson\n', 'dbr:Ellen_Axson_Wilson\n', 'dbr:Helen_Herron_Taft\n', 'dbr:First_Lady_of_the_United_States\n', 'dbr:Betty_Ford\n']"
2803138,dbr:Warren_G._Harding,571,dbo:spouse,405282,dbr:Betty_Ford,0,0.096676884,171,"['dbr:Warren_G._Harding\n', 'dbr:Baptists\n', 'dbr:Rosalynn_Carter\n', 'dbr:Betty_Ford\n']"
520375,dbr:Calvin_Coolidge,571,dbo:spouse,405282,dbr:Betty_Ford,0,0.109398437,172,"['dbr:Calvin_Coolidge\n', 'dbr:Grace_Coolidge\n', 'dbr:Lou_Henry_Hoover\n', 'dbr:First_Lady_of_the_United_States\n', 'dbr:Betty_Ford\n']"
1170654,dbr:Herbert_Hoover,571,dbo:spouse,405282,dbr:Betty_Ford,0,0.148301873,173,"['dbr:Herbert_Hoover\n', 'dbr:Lou_Henry_Hoover\n', 'dbr:First_Lady_of_the_United_States\n', 'dbr:Betty_Ford\n']"
982697,dbr:Franklin_D._Roosevelt,571,dbo:spouse,405282,dbr:Betty_Ford,0,0.162362562,174,"['dbr:Franklin_D._Roosevelt\n', 'dbr:Nelson_Rockefeller\n', 'dbr:Happy_Rockefeller\n', 'dbr:Betty_Ford\n']"
1146400,dbr:Harry_S._Truman,571,dbo:spouse,405282,dbr:Betty_Ford,0,0.162362562,175,"['dbr:Harry_S._Truman\n', 'dbr:Nelson_Rockefeller\n', 'dbr:Happy_Rockefeller\n', 'dbr:Betty_Ford\n']"
808950,dbr:Dwight_D._Eisenhower,571,dbo:spouse,405282,dbr:Betty_Ford,0,0.162362562,176,"['dbr:Dwight_D._Eisenhower\n', 'dbr:Nelson_Rockefeller\n', 'dbr:Happy_Rockefeller\n', 'dbr:Betty_Ford\n']"
1351832,dbr:John_F._Kennedy,571,dbo:spouse,405282,dbr:Betty_Ford,0,0.135941458,177,"['dbr:John_F._Kennedy\n', 'dbr:Eleanor_Roosevelt\n', 'dbr:First_Lady_of_the_United_States\n', 'dbr:Betty_Ford\n']"
1655502,dbr:Lyndon_B._Johnson,571,dbo:spouse,405282,dbr:Betty_Ford,0,0.150083436,178,"['dbr:Lyndon_B._Johnson\n', 'dbr:Lady_Bird_Johnson\n', 'dbr:Pat_Nixon\n', 'dbr:Betty_Ford\n']"
2208013,dbr:Richard_Nixon,571,dbo:spouse,405282,dbr:Betty_Ford,0,0.265069976,179,"['dbr:Richard_Nixon\n', 'dbr:Pat_Nixon\n', 'dbr:Betty_Ford\n']"
2803138,dbr:Warren_G._Harding,571,dbo:spouse,958544,dbr:Florence_Harding,1,0.590616109,18,"['dbr:Warren_G._Harding\n', 'dbr:Marshall_Eugene_DeWolfe\n', 'dbr:Florence_Harding\n']"
1039239,dbr:Gerald_Ford,571,dbo:spouse,405282,dbr:Betty_Ford,1,0.590616109,180,"['dbr:Gerald_Ford\n', 'dbr:John_Gardner_Ford\n', 'dbr:Betty_Ford\n']"
1334643,dbr:Jimmy_Carter,571,dbo:spouse,405282,dbr:Betty_Ford,0,0.280508894,181,"['dbr:Jimmy_Carter\n', 'dbr:Rosalynn_Carter\n', 'dbr:Betty_Ford\n']"
2245582,dbr:Ronald_Reagan,571,dbo:spouse,405282,dbr:Betty_Ford,0,0.163134833,182,"['dbr:Ronald_Reagan\n', 'dbr:Presidency_of_Jimmy_Carter\n', 'dbr:Rosalynn_Carter\n', 'dbr:Betty_Ford\n']"
1032631,dbr:George_H._W._Bush,571,dbo:spouse,405282,dbr:Betty_Ford,0,0.177167035,183,"['dbr:George_H._W._Bush\n', 'dbr:Gerald_Ford\n', 'dbr:Betty_Ford\n']"
413832,dbr:Bill_Clinton,571,dbo:spouse,405282,dbr:Betty_Ford,0,0.115572923,184,"['dbr:Bill_Clinton\n', 'dbr:Walter_Mondale\n', 'dbr:Joan_Mondale\n', 'dbr:Happy_Rockefeller\n', 'dbr:Betty_Ford\n']"
1036228,dbr:George_W._Bush,571,dbo:spouse,405282,dbr:Betty_Ford,0,0.13673254,185,"['dbr:George_W._Bush\n', 'dbr:Barbara_Bush\n', 'dbr:First_Lady_of_the_United_States\n', 'dbr:Betty_Ford\n']"
360813,dbr:Barack_Obama,571,dbo:spouse,405282,dbr:Betty_Ford,0,0.102056909,186,"['dbr:Barack_Obama\n', 'dbr:The_After_Party:_The_Last_Party_3\n', 'dbr:Barbara_Bush\n', 'dbr:First_Lady_of_the_United_States\n', 'dbr:Betty_Ford\n']"
2855700,dbr:Woodrow_Wilson,571,dbo:spouse,2248030,dbr:Rosalynn_Carter,0,0.098671424,187,"['dbr:Woodrow_Wilson\n', 'dbr:Democratic_Party_(United_States)\n', 'dbr:Rosalynn_Carter\n']"
2803138,dbr:Warren_G._Harding,571,dbo:spouse,2248030,dbr:Rosalynn_Carter,0,0.128554782,188,"['dbr:Warren_G._Harding\n', 'dbr:Baptists\n', 'dbr:Rosalynn_Carter\n']"
520375,dbr:Calvin_Coolidge,571,dbo:spouse,2248030,dbr:Rosalynn_Carter,0,0.097430831,189,"['dbr:Calvin_Coolidge\n', 'dbr:Milton_A._Romjue\n', 'dbr:Baptists\n', 'dbr:Rosalynn_Carter\n']"
520375,dbr:Calvin_Coolidge,571,dbo:spouse,958544,dbr:Florence_Harding,0,0.29429983,19,"['dbr:Calvin_Coolidge\n', 'dbr:Grace_Coolidge\n', 'dbr:Florence_Harding\n']"
1170654,dbr:Herbert_Hoover,571,dbo:spouse,2248030,dbr:Rosalynn_Carter,0,0.104425375,190,"['dbr:Herbert_Hoover\n', 'dbr:Lou_Henry_Hoover\n', 'dbr:First_Lady_of_the_United_States\n', 'dbr:Betty_Ford\n', 'dbr:Rosalynn_Carter\n']"
982697,dbr:Franklin_D._Roosevelt,571,dbo:spouse,2248030,dbr:Rosalynn_Carter,0,0.111206642,191,"['dbr:Franklin_D._Roosevelt\n', 'dbr:Nelson_Rockefeller\n', 'dbr:Happy_Rockefeller\n', 'dbr:Betty_Ford\n', 'dbr:Rosalynn_Carter\n']"
1146400,dbr:Harry_S._Truman,571,dbo:spouse,2248030,dbr:Rosalynn_Carter,0,0.111206642,192,"['dbr:Harry_S._Truman\n', 'dbr:Nelson_Rockefeller\n', 'dbr:Happy_Rockefeller\n', 'dbr:Betty_Ford\n', 'dbr:Rosalynn_Carter\n']"
808950,dbr:Dwight_D._Eisenhower,571,dbo:spouse,2248030,dbr:Rosalynn_Carter,0,0.121296992,193,"['dbr:Dwight_D._Eisenhower\n', 'dbr:Arthur_F._Burns\n', 'dbr:Jimmy_Carter\n', 'dbr:Rosalynn_Carter\n']"
1351832,dbr:John_F._Kennedy,571,dbo:spouse,2248030,dbr:Rosalynn_Carter,0,0.109652775,194,"['dbr:John_F._Kennedy\n', ""dbr:Tip_O'Neill\n"", 'dbr:Jimmy_Carter\n', 'dbr:Rosalynn_Carter\n']"
1655502,dbr:Lyndon_B._Johnson,571,dbo:spouse,2248030,dbr:Rosalynn_Carter,0,0.124671429,195,"['dbr:Lyndon_B._Johnson\n', 'dbr:Esther_Peterson\n', 'dbr:Jimmy_Carter\n', 'dbr:Rosalynn_Carter\n']"
2208013,dbr:Richard_Nixon,571,dbo:spouse,2248030,dbr:Rosalynn_Carter,0,0.151382071,196,"['dbr:Richard_Nixon\n', 'dbr:Pat_Nixon\n', 'dbr:Betty_Ford\n', 'dbr:Rosalynn_Carter\n']"
1039239,dbr:Gerald_Ford,571,dbo:spouse,2248030,dbr:Rosalynn_Carter,0,0.260877731,197,"['dbr:Gerald_Ford\n', 'dbr:Betty_Ford\n', 'dbr:Rosalynn_Carter\n']"
1334643,dbr:Jimmy_Carter,571,dbo:spouse,2248030,dbr:Rosalynn_Carter,1,0.339453666,198,"['dbr:Jimmy_Carter\n', 'dbr:Man_from_Plains\n', 'dbr:Rosalynn_Carter\n']"
2245582,dbr:Ronald_Reagan,571,dbo:spouse,2248030,dbr:Rosalynn_Carter,0,0.280508894,199,"['dbr:Ronald_Reagan\n', 'dbr:Presidency_of_Jimmy_Carter\n', 'dbr:Rosalynn_Carter\n']"
520375,dbr:Calvin_Coolidge,571,dbo:spouse,826472,dbr:Edith_Bolling_Galt_Wilson,0,0.182570478,2,"['dbr:Calvin_Coolidge\n', 'dbr:Grace_Coolidge\n', 'dbr:Florence_Harding\n', 'dbr:Edith_Bolling_Galt_Wilson\n']"
1170654,dbr:Herbert_Hoover,571,dbo:spouse,958544,dbr:Florence_Harding,0,0.218172983,20,"['dbr:Herbert_Hoover\n', 'dbr:Warren_G._Harding\n', 'dbr:Florence_Harding\n']"
1032631,dbr:George_H._W._Bush,571,dbo:spouse,2248030,dbr:Rosalynn_Carter,0,0.154910961,200,"['dbr:George_H._W._Bush\n', 'dbr:Presidency_of_Ronald_Reagan\n', 'dbr:Nancy_Reagan\n', 'dbr:Rosalynn_Carter\n']"
413832,dbr:Bill_Clinton,571,dbo:spouse,2248030,dbr:Rosalynn_Carter,0,0.14575589,201,"['dbr:Bill_Clinton\n', 'dbr:Walter_Mondale\n', 'dbr:Presidency_of_Jimmy_Carter\n', 'dbr:Rosalynn_Carter\n']"
1036228,dbr:George_W._Bush,571,dbo:spouse,2248030,dbr:Rosalynn_Carter,0,0.142331209,202,"['dbr:George_W._Bush\n', 'dbr:Barbara_Bush\n', 'dbr:Nancy_Reagan\n', 'dbr:Rosalynn_Carter\n']"
360813,dbr:Barack_Obama,571,dbo:spouse,2248030,dbr:Rosalynn_Carter,0,0.115611045,203,"['dbr:Barack_Obama\n', 'dbr:Richard_Holbrooke\n', 'dbr:Jimmy_Carter\n', 'dbr:Rosalynn_Carter\n']"
2855700,dbr:Woodrow_Wilson,571,dbo:spouse,1869271,dbr:Nancy_Reagan,0,0.115534936,204,"['dbr:Woodrow_Wilson\n', 'dbr:Ellen_Axson_Wilson\n', 'dbr:Helen_Herron_Taft\n', 'dbr:First_Lady_of_the_United_States\n', 'dbr:Nancy_Reagan\n']"
2803138,dbr:Warren_G._Harding,571,dbo:spouse,1869271,dbr:Nancy_Reagan,0,0.100001338,205,"['dbr:Warren_G._Harding\n', 'dbr:Republican_Party_(United_States)\n', 'dbr:Nancy_Reagan\n']"
520375,dbr:Calvin_Coolidge,571,dbo:spouse,1869271,dbr:Nancy_Reagan,0,0.109398437,206,"['dbr:Calvin_Coolidge\n', 'dbr:Grace_Coolidge\n', 'dbr:Lou_Henry_Hoover\n', 'dbr:First_Lady_of_the_United_States\n', 'dbr:Nancy_Reagan\n']"
1170654,dbr:Herbert_Hoover,571,dbo:spouse,1869271,dbr:Nancy_Reagan,0,0.148301873,207,"['dbr:Herbert_Hoover\n', 'dbr:Lou_Henry_Hoover\n', 'dbr:First_Lady_of_the_United_States\n', 'dbr:Nancy_Reagan\n']"
982697,dbr:Franklin_D._Roosevelt,571,dbo:spouse,1869271,dbr:Nancy_Reagan,0,0.135941458,208,"['dbr:Franklin_D._Roosevelt\n', 'dbr:Eleanor_Roosevelt\n', 'dbr:First_Lady_of_the_United_States\n', 'dbr:Nancy_Reagan\n']"
1146400,dbr:Harry_S._Truman,571,dbo:spouse,1869271,dbr:Nancy_Reagan,0,0.150083436,209,"['dbr:Harry_S._Truman\n', 'dbr:Bess_Truman\n', 'dbr:First_Lady_of_the_United_States\n', 'dbr:Nancy_Reagan\n']"
982697,dbr:Franklin_D._Roosevelt,571,dbo:spouse,958544,dbr:Florence_Harding,0,0.141474221,21,"['dbr:Franklin_D._Roosevelt\n', 'dbr:Milton_A._Romjue\n', 'dbr:Warren_G._Harding\n', 'dbr:Florence_Harding\n']"
808950,dbr:Dwight_D._Eisenhower,571,dbo:spouse,1869271,dbr:Nancy_Reagan,0,0.148301873,210,"['dbr:Dwight_D._Eisenhower\n', 'dbr:Mamie_Eisenhower\n', 'dbr:First_Lady_of_the_United_States\n', 'dbr:Nancy_Reagan\n']"
1351832,dbr:John_F._Kennedy,571,dbo:spouse,1869271,dbr:Nancy_Reagan,0,0.135941458,211,"['dbr:John_F._Kennedy\n', 'dbr:Eleanor_Roosevelt\n', 'dbr:First_Lady_of_the_United_States\n', 'dbr:Nancy_Reagan\n']"
1655502,dbr:Lyndon_B._Johnson,571,dbo:spouse,1869271,dbr:Nancy_Reagan,0,0.141474221,212,"['dbr:Lyndon_B._Johnson\n', 'dbr:Lady_Bird_Johnson\n', 'dbr:First_Lady_of_the_United_States\n', 'dbr:Nancy_Reagan\n']"
2208013,dbr:Richard_Nixon,571,dbo:spouse,1869271,dbr:Nancy_Reagan,0,0.11616595,213,"['dbr:Richard_Nixon\n', 'dbr:George_H._W._Bush\n', 'dbr:Presidency_of_Ronald_Reagan\n', 'dbr:Nancy_Reagan\n']"
1039239,dbr:Gerald_Ford,571,dbo:spouse,1869271,dbr:Nancy_Reagan,0,0.156294869,214,"['dbr:Gerald_Ford\n', 'dbr:Betty_Ford\n', 'dbr:Rosalynn_Carter\n', 'dbr:Nancy_Reagan\n']"
1334643,dbr:Jimmy_Carter,571,dbo:spouse,1869271,dbr:Nancy_Reagan,0,0.280508894,215,"['dbr:Jimmy_Carter\n', 'dbr:Rosalynn_Carter\n', 'dbr:Nancy_Reagan\n']"
2245582,dbr:Ronald_Reagan,571,dbo:spouse,1869271,dbr:Nancy_Reagan,1,0.339453666,216,"['dbr:Ronald_Reagan\n', 'dbr:Patti_Davis\n', 'dbr:Nancy_Reagan\n']"
1032631,dbr:George_H._W._Bush,571,dbo:spouse,1869271,dbr:Nancy_Reagan,0,0.280508894,217,"['dbr:George_H._W._Bush\n', 'dbr:Presidency_of_Ronald_Reagan\n', 'dbr:Nancy_Reagan\n']"
413832,dbr:Bill_Clinton,571,dbo:spouse,1869271,dbr:Nancy_Reagan,0,0.138454751,218,"['dbr:Bill_Clinton\n', 'dbr:Laura_Tyson\n', 'dbr:Smith_College\n', 'dbr:Nancy_Reagan\n']"
1036228,dbr:George_W._Bush,571,dbo:spouse,1869271,dbr:Nancy_Reagan,0,0.241809068,219,"['dbr:George_W._Bush\n', 'dbr:Barbara_Bush\n', 'dbr:Nancy_Reagan\n']"
1146400,dbr:Harry_S._Truman,571,dbo:spouse,958544,dbr:Florence_Harding,0,0.109398437,22,"['dbr:Harry_S._Truman\n', 'dbr:Eleanor_Roosevelt\n', 'dbr:Lou_Henry_Hoover\n', 'dbr:Grace_Coolidge\n', 'dbr:Florence_Harding\n']"
360813,dbr:Barack_Obama,571,dbo:spouse,1869271,dbr:Nancy_Reagan,0,0.151048255,220,"['dbr:Barack_Obama\n', 'dbr:The_After_Party:_The_Last_Party_3\n', 'dbr:Barbara_Bush\n', 'dbr:Nancy_Reagan\n']"
2855700,dbr:Woodrow_Wilson,571,dbo:spouse,361500,dbr:Barbara_Bush,0,0.115534936,221,"['dbr:Woodrow_Wilson\n', 'dbr:Ellen_Axson_Wilson\n', 'dbr:Helen_Herron_Taft\n', 'dbr:First_Lady_of_the_United_States\n', 'dbr:Barbara_Bush\n']"
2803138,dbr:Warren_G._Harding,571,dbo:spouse,361500,dbr:Barbara_Bush,0,0.095859974,222,"['dbr:Warren_G._Harding\n', 'dbr:Herbert_Hoover\n', 'dbr:Lou_Henry_Hoover\n', 'dbr:First_Lady_of_the_United_States\n', 'dbr:Barbara_Bush\n']"
520375,dbr:Calvin_Coolidge,571,dbo:spouse,361500,dbr:Barbara_Bush,0,0.109398437,223,"['dbr:Calvin_Coolidge\n', 'dbr:Grace_Coolidge\n', 'dbr:Lou_Henry_Hoover\n', 'dbr:First_Lady_of_the_United_States\n', 'dbr:Barbara_Bush\n']"
1170654,dbr:Herbert_Hoover,571,dbo:spouse,361500,dbr:Barbara_Bush,0,0.148301873,224,"['dbr:Herbert_Hoover\n', 'dbr:Lou_Henry_Hoover\n', 'dbr:First_Lady_of_the_United_States\n', 'dbr:Barbara_Bush\n']"
982697,dbr:Franklin_D._Roosevelt,571,dbo:spouse,361500,dbr:Barbara_Bush,0,0.135941458,225,"['dbr:Franklin_D._Roosevelt\n', 'dbr:Eleanor_Roosevelt\n', 'dbr:First_Lady_of_the_United_States\n', 'dbr:Barbara_Bush\n']"
1146400,dbr:Harry_S._Truman,571,dbo:spouse,361500,dbr:Barbara_Bush,0,0.150083436,226,"['dbr:Harry_S._Truman\n', 'dbr:Bess_Truman\n', 'dbr:First_Lady_of_the_United_States\n', 'dbr:Barbara_Bush\n']"
808950,dbr:Dwight_D._Eisenhower,571,dbo:spouse,361500,dbr:Barbara_Bush,0,0.148301873,227,"['dbr:Dwight_D._Eisenhower\n', 'dbr:Mamie_Eisenhower\n', 'dbr:First_Lady_of_the_United_States\n', 'dbr:Barbara_Bush\n']"
1351832,dbr:John_F._Kennedy,571,dbo:spouse,361500,dbr:Barbara_Bush,0,0.135941458,228,"['dbr:John_F._Kennedy\n', 'dbr:Eleanor_Roosevelt\n', 'dbr:First_Lady_of_the_United_States\n', 'dbr:Barbara_Bush\n']"
1655502,dbr:Lyndon_B._Johnson,571,dbo:spouse,361500,dbr:Barbara_Bush,0,0.141474221,229,"['dbr:Lyndon_B._Johnson\n', 'dbr:Lady_Bird_Johnson\n', 'dbr:First_Lady_of_the_United_States\n', 'dbr:Barbara_Bush\n']"
808950,dbr:Dwight_D._Eisenhower,571,dbo:spouse,958544,dbr:Florence_Harding,0,0.119606639,23,"['dbr:Dwight_D._Eisenhower\n', 'dbr:Herbert_Hoover,_Jr.\n', 'dbr:Lou_Henry_Hoover\n', 'dbr:Grace_Coolidge\n', 'dbr:Florence_Harding\n']"
2208013,dbr:Richard_Nixon,571,dbo:spouse,361500,dbr:Barbara_Bush,0,0.165469081,230,"['dbr:Richard_Nixon\n', 'dbr:George_H._W._Bush\n', 'dbr:Barbara_Bush\n']"
1039239,dbr:Gerald_Ford,571,dbo:spouse,361500,dbr:Barbara_Bush,0,0.165469081,231,"['dbr:Gerald_Ford\n', 'dbr:George_H._W._Bush\n', 'dbr:Barbara_Bush\n']"
1334643,dbr:Jimmy_Carter,571,dbo:spouse,361500,dbr:Barbara_Bush,0,0.154910961,232,"['dbr:Jimmy_Carter\n', 'dbr:Rosalynn_Carter\n', 'dbr:Nancy_Reagan\n', 'dbr:Barbara_Bush\n']"
2245582,dbr:Ronald_Reagan,571,dbo:spouse,361500,dbr:Barbara_Bush,0,0.257044844,233,"['dbr:Ronald_Reagan\n', 'dbr:Nancy_Reagan\n', 'dbr:Barbara_Bush\n']"
1032631,dbr:George_H._W._Bush,571,dbo:spouse,361500,dbr:Barbara_Bush,1,0.590616109,234,"['dbr:George_H._W._Bush\n', 'dbr:Bush_family\n', 'dbr:Barbara_Bush\n']"
413832,dbr:Bill_Clinton,571,dbo:spouse,361500,dbr:Barbara_Bush,0,0.225530646,235,"['dbr:Bill_Clinton\n', 'dbr:Hillary_Rodham_Clinton\n', 'dbr:Barbara_Bush\n']"
1036228,dbr:George_W._Bush,571,dbo:spouse,361500,dbr:Barbara_Bush,1,0.324734205,236,"['dbr:George_W._Bush\n', 'dbr:Barbara_Pierce_Bush\n', 'dbr:Barbara_Bush\n']"
360813,dbr:Barack_Obama,571,dbo:spouse,361500,dbr:Barbara_Bush,0,0.286951732,237,"['dbr:Barack_Obama\n', 'dbr:The_After_Party:_The_Last_Party_3\n', 'dbr:Barbara_Bush\n']"
2855700,dbr:Woodrow_Wilson,571,dbo:spouse,1181044,dbr:Hillary_Rodham_Clinton,0,0.098671424,238,"['dbr:Woodrow_Wilson\n', 'dbr:Democratic_Party_(United_States)\n', 'dbr:Hillary_Rodham_Clinton\n']"
2803138,dbr:Warren_G._Harding,571,dbo:spouse,1181044,dbr:Hillary_Rodham_Clinton,0,0.100001338,239,"['dbr:Warren_G._Harding\n', 'dbr:Republican_Party_(United_States)\n', 'dbr:Hillary_Rodham_Clinton\n']"
1351832,dbr:John_F._Kennedy,571,dbo:spouse,958544,dbr:Florence_Harding,0,0.109398437,24,"['dbr:John_F._Kennedy\n', 'dbr:Eleanor_Roosevelt\n', 'dbr:Lou_Henry_Hoover\n', 'dbr:Grace_Coolidge\n', 'dbr:Florence_Harding\n']"
520375,dbr:Calvin_Coolidge,571,dbo:spouse,1181044,dbr:Hillary_Rodham_Clinton,0,0.100001338,240,"['dbr:Calvin_Coolidge\n', 'dbr:Republican_Party_(United_States)\n', 'dbr:Hillary_Rodham_Clinton\n']"
1170654,dbr:Herbert_Hoover,571,dbo:spouse,1181044,dbr:Hillary_Rodham_Clinton,0,0.10122997,241,"['dbr:Herbert_Hoover\n', 'dbr:Lou_Henry_Hoover\n', 'dbr:First_Lady_of_the_United_States\n', 'dbr:Barbara_Bush\n', 'dbr:Hillary_Rodham_Clinton\n']"
982697,dbr:Franklin_D._Roosevelt,571,dbo:spouse,1181044,dbr:Hillary_Rodham_Clinton,0,0.102469088,242,"['dbr:Franklin_D._Roosevelt\n', 'dbr:Corporate_lawyer\n', 'dbr:George_Kern\n', 'dbr:Yale_Law_School\n', 'dbr:Hillary_Rodham_Clinton\n']"
1146400,dbr:Harry_S._Truman,571,dbo:spouse,1181044,dbr:Hillary_Rodham_Clinton,0,0.102056909,243,"['dbr:Harry_S._Truman\n', 'dbr:Bess_Truman\n', 'dbr:First_Lady_of_the_United_States\n', 'dbr:Barbara_Bush\n', 'dbr:Hillary_Rodham_Clinton\n']"
808950,dbr:Dwight_D._Eisenhower,571,dbo:spouse,1181044,dbr:Hillary_Rodham_Clinton,0,0.10122997,244,"['dbr:Dwight_D._Eisenhower\n', 'dbr:Mamie_Eisenhower\n', 'dbr:First_Lady_of_the_United_States\n', 'dbr:Barbara_Bush\n', 'dbr:Hillary_Rodham_Clinton\n']"
1351832,dbr:John_F._Kennedy,571,dbo:spouse,1181044,dbr:Hillary_Rodham_Clinton,0,0.109570811,245,"['dbr:John_F._Kennedy\n', 'dbr:Nicholas_Katzenbach\n', 'dbr:Yale_Law_School\n', 'dbr:Hillary_Rodham_Clinton\n']"
1655502,dbr:Lyndon_B._Johnson,571,dbo:spouse,1181044,dbr:Hillary_Rodham_Clinton,0,0.114351021,246,"['dbr:Lyndon_B._Johnson\n', 'dbr:James_Robert_Jones\n', 'dbr:John_Negroponte\n', 'dbr:James_Steinberg\n', 'dbr:Hillary_Rodham_Clinton\n']"
2208013,dbr:Richard_Nixon,571,dbo:spouse,1181044,dbr:Hillary_Rodham_Clinton,0,0.108945287,247,"['dbr:Richard_Nixon\n', 'dbr:George_H._W._Bush\n', 'dbr:Barbara_Bush\n', 'dbr:Hillary_Rodham_Clinton\n']"
1039239,dbr:Gerald_Ford,571,dbo:spouse,1181044,dbr:Hillary_Rodham_Clinton,0,0.158899025,248,"['dbr:Gerald_Ford\n', 'dbr:Yale_Law_School\n', 'dbr:Hillary_Rodham_Clinton\n']"
1334643,dbr:Jimmy_Carter,571,dbo:spouse,1181044,dbr:Hillary_Rodham_Clinton,0,0.125682686,249,"['dbr:Jimmy_Carter\n', 'dbr:Jack_R._Binns\n', 'dbr:John_Negroponte\n', 'dbr:James_Steinberg\n', 'dbr:Hillary_Rodham_Clinton\n']"
1655502,dbr:Lyndon_B._Johnson,571,dbo:spouse,958544,dbr:Florence_Harding,0,0.107925508,25,"['dbr:Lyndon_B._Johnson\n', 'dbr:Francis_J._Myers\n', 'dbr:James_J._Davis\n', 'dbr:Warren_G._Harding\n', 'dbr:Florence_Harding\n']"
2245582,dbr:Ronald_Reagan,571,dbo:spouse,1181044,dbr:Hillary_Rodham_Clinton,0,0.157552081,250,"['dbr:Ronald_Reagan\n', 'dbr:John_Negroponte\n', 'dbr:James_Steinberg\n', 'dbr:Hillary_Rodham_Clinton\n']"
1032631,dbr:George_H._W._Bush,571,dbo:spouse,1181044,dbr:Hillary_Rodham_Clinton,0,0.241809068,251,"['dbr:George_H._W._Bush\n', 'dbr:Barbara_Bush\n', 'dbr:Hillary_Rodham_Clinton\n']"
413832,dbr:Bill_Clinton,571,dbo:spouse,1181044,dbr:Hillary_Rodham_Clinton,1,0.27479644,252,"['dbr:Bill_Clinton\n', 'dbr:Chelsea_Clinton\n', 'dbr:Hillary_Rodham_Clinton\n']"
1036228,dbr:George_W._Bush,571,dbo:spouse,1181044,dbr:Hillary_Rodham_Clinton,0,0.324734205,253,"['dbr:George_W._Bush\n', 'dbr:William_Joseph_Burns\n', 'dbr:Hillary_Rodham_Clinton\n']"
360813,dbr:Barack_Obama,571,dbo:spouse,1181044,dbr:Hillary_Rodham_Clinton,1,0.339453666,254,"['dbr:Barack_Obama\n', 'dbr:James_Steinberg\n', 'dbr:Hillary_Rodham_Clinton\n']"
2855700,dbr:Woodrow_Wilson,571,dbo:spouse,1524479,dbr:Laura_Bush,0,0.110934408,255,"['dbr:Woodrow_Wilson\n', 'dbr:Ellen_Axson_Wilson\n', 'dbr:White_House\n', 'dbr:Michelle_Obama\n', 'dbr:Laura_Bush\n']"
2803138,dbr:Warren_G._Harding,571,dbo:spouse,1524479,dbr:Laura_Bush,0,0.100001338,256,"['dbr:Warren_G._Harding\n', 'dbr:Republican_Party_(United_States)\n', 'dbr:Laura_Bush\n']"
520375,dbr:Calvin_Coolidge,571,dbo:spouse,1524479,dbr:Laura_Bush,0,0.100001338,257,"['dbr:Calvin_Coolidge\n', 'dbr:Republican_Party_(United_States)\n', 'dbr:Laura_Bush\n']"
1170654,dbr:Herbert_Hoover,571,dbo:spouse,1524479,dbr:Laura_Bush,0,0.100001338,258,"['dbr:Herbert_Hoover\n', 'dbr:Republican_Party_(United_States)\n', 'dbr:Laura_Bush\n']"
982697,dbr:Franklin_D._Roosevelt,571,dbo:spouse,1524479,dbr:Laura_Bush,0,0.088773542,259,"['dbr:Franklin_D._Roosevelt\n', 'dbr:Ruth_Bryan_Owen\n', 'dbr:Author\n', 'dbr:Laura_Bush\n']"
2208013,dbr:Richard_Nixon,571,dbo:spouse,958544,dbr:Florence_Harding,0,0.10126718,26,"['dbr:Richard_Nixon\n', 'dbr:J._Edgar_Hoover\n', 'dbr:Calvin_Coolidge\n', 'dbr:Grace_Coolidge\n', 'dbr:Florence_Harding\n']"
1146400,dbr:Harry_S._Truman,571,dbo:spouse,1524479,dbr:Laura_Bush,0,0.087834015,260,"['dbr:Harry_S._Truman\n', 'db:ontology/OfficeHolder\n', 'dbr:Laura_Bush\n']"
808950,dbr:Dwight_D._Eisenhower,571,dbo:spouse,1524479,dbr:Laura_Bush,0,0.112718062,261,"['dbr:Dwight_D._Eisenhower\n', 'dbr:Robert_B._Anderson\n', 'dbr:University_of_Texas_at_Austin\n', 'dbr:Laura_Bush\n']"
1351832,dbr:John_F._Kennedy,571,dbo:spouse,1524479,dbr:Laura_Bush,0,0.0966532,262,"['dbr:John_F._Kennedy\n', 'dbr:Dallas\n', 'dbr:Barbara_Pierce_Bush\n', 'dbr:Laura_Bush\n']"
1655502,dbr:Lyndon_B._Johnson,571,dbo:spouse,1524479,dbr:Laura_Bush,0,0.103681926,263,"['dbr:Lyndon_B._Johnson\n', 'dbr:Ramsey_Clark\n', 'dbr:University_of_Texas_at_Austin\n', 'dbr:Laura_Bush\n']"
2208013,dbr:Richard_Nixon,571,dbo:spouse,1524479,dbr:Laura_Bush,0,0.11981773,264,"['dbr:Richard_Nixon\n', 'dbr:George_H._W._Bush\n', 'dbr:Spin_(1995_film)\n', 'dbr:Laura_Bush\n']"
1039239,dbr:Gerald_Ford,571,dbo:spouse,1524479,dbr:Laura_Bush,0,0.138341077,265,"['dbr:Gerald_Ford\n', 'dbr:Dick_Cheney\n', 'dbr:Presidency_of_George_W._Bush\n', 'dbr:Laura_Bush\n']"
1334643,dbr:Jimmy_Carter,571,dbo:spouse,1524479,dbr:Laura_Bush,0,0.107791635,266,"['dbr:Jimmy_Carter\n', 'dbr:Charles_Duncan,_Jr.\n', 'dbr:University_of_Texas_at_Austin\n', 'dbr:Laura_Bush\n']"
2245582,dbr:Ronald_Reagan,571,dbo:spouse,1524479,dbr:Laura_Bush,0,0.11981773,267,"['dbr:Ronald_Reagan\n', 'dbr:George_H._W._Bush\n', 'dbr:Spin_(1995_film)\n', 'dbr:Laura_Bush\n']"
1032631,dbr:George_H._W._Bush,571,dbo:spouse,1524479,dbr:Laura_Bush,0,0.302793107,268,"['dbr:George_H._W._Bush\n', 'dbr:Spin_(1995_film)\n', 'dbr:Laura_Bush\n']"
413832,dbr:Bill_Clinton,571,dbo:spouse,1524479,dbr:Laura_Bush,0,0.302793107,269,"['dbr:Bill_Clinton\n', 'dbr:Spin_(1995_film)\n', 'dbr:Laura_Bush\n']"
1039239,dbr:Gerald_Ford,571,dbo:spouse,958544,dbr:Florence_Harding,0,0.087834015,27,"['dbr:Gerald_Ford\n', 'db:ontology/OfficeHolder\n', 'dbr:Florence_Harding\n']"
1036228,dbr:George_W._Bush,571,dbo:spouse,1524479,dbr:Laura_Bush,1,0.324734205,270,"['dbr:George_W._Bush\n', 'dbr:Barbara_Pierce_Bush\n', 'dbr:Laura_Bush\n']"
360813,dbr:Barack_Obama,571,dbo:spouse,1524479,dbr:Laura_Bush,0,0.280508894,271,"['dbr:Barack_Obama\n', 'dbr:Presidency_of_George_W._Bush\n', 'dbr:Laura_Bush\n']"
2855700,dbr:Woodrow_Wilson,571,dbo:spouse,1778951,dbr:Michelle_Obama,0,0.163292927,272,"['dbr:Woodrow_Wilson\n', 'dbr:Ellen_Axson_Wilson\n', 'dbr:White_House\n', 'dbr:Michelle_Obama\n']"
2803138,dbr:Warren_G._Harding,571,dbo:spouse,1778951,dbr:Michelle_Obama,0,0.098961108,273,"['dbr:Warren_G._Harding\n', 'dbr:Frederick_H._Gillett\n', 'dbr:Harvard_Law_School\n', 'dbr:Michelle_Obama\n']"
520375,dbr:Calvin_Coolidge,571,dbo:spouse,1778951,dbr:Michelle_Obama,0,0.108685761,274,"['dbr:Calvin_Coolidge\n', 'dbr:Lawyer\n', 'dbr:Michelle_Obama\n']"
1170654,dbr:Herbert_Hoover,571,dbo:spouse,1778951,dbr:Michelle_Obama,0,0.095845262,275,"['dbr:Herbert_Hoover\n', 'dbr:Henry_L._Stimson\n', 'dbr:Harvard_Law_School\n', 'dbr:Michelle_Obama\n']"
982697,dbr:Franklin_D._Roosevelt,571,dbo:spouse,1778951,dbr:Michelle_Obama,0,0.107595724,276,"['dbr:Franklin_D._Roosevelt\n', 'dbr:David_E._Lilienthal\n', 'dbr:Harvard_Law_School\n', 'dbr:Michelle_Obama\n']"
1146400,dbr:Harry_S._Truman,571,dbo:spouse,1778951,dbr:Michelle_Obama,0,0.107595724,277,"['dbr:Harry_S._Truman\n', 'dbr:David_E._Lilienthal\n', 'dbr:Harvard_Law_School\n', 'dbr:Michelle_Obama\n']"
808950,dbr:Dwight_D._Eisenhower,571,dbo:spouse,1778951,dbr:Michelle_Obama,0,0.099403752,278,"['dbr:Dwight_D._Eisenhower\n', 'dbr:John_Foster_Dulles\n', 'dbr:Princeton_University\n', 'dbr:Michelle_Obama\n']"
1351832,dbr:John_F._Kennedy,571,dbo:spouse,1778951,dbr:Michelle_Obama,0,0.103769398,279,"['dbr:John_F._Kennedy\n', 'dbr:Profiles_in_Courage\n', 'dbr:United_States_Senate\n', 'dbr:Presidency_of_Barack_Obama\n', 'dbr:Michelle_Obama\n']"
1334643,dbr:Jimmy_Carter,571,dbo:spouse,958544,dbr:Florence_Harding,0,0.089123859,28,"['dbr:Jimmy_Carter\n', 'dbr:Esther_Peterson\n', 'dbr:Eleanor_Roosevelt\n', 'dbr:Lou_Henry_Hoover\n', 'dbr:Grace_Coolidge\n', 'dbr:Florence_Harding\n']"
1655502,dbr:Lyndon_B._Johnson,571,dbo:spouse,1778951,dbr:Michelle_Obama,0,0.106249233,280,"['dbr:Lyndon_B._Johnson\n', 'dbr:Wade_H._McCree\n', 'dbr:Harvard_Law_School\n', 'dbr:Michelle_Obama\n']"
2208013,dbr:Richard_Nixon,571,dbo:spouse,1778951,dbr:Michelle_Obama,0,0.108878927,281,"['dbr:Richard_Nixon\n', 'dbr:Martin_Richard_Hoffmann\n', 'dbr:Princeton_University\n', 'dbr:Michelle_Obama\n']"
1039239,dbr:Gerald_Ford,571,dbo:spouse,1778951,dbr:Michelle_Obama,0,0.108685761,282,"['dbr:Gerald_Ford\n', 'dbr:Lawyer\n', 'dbr:Michelle_Obama\n']"
1334643,dbr:Jimmy_Carter,571,dbo:spouse,1778951,dbr:Michelle_Obama,0,0.111032555,283,"['dbr:Jimmy_Carter\n', 'dbr:S._Arthur_Spiegel\n', 'dbr:Harvard_Law_School\n', 'dbr:Michelle_Obama\n']"
2245582,dbr:Ronald_Reagan,571,dbo:spouse,1778951,dbr:Michelle_Obama,0,0.113326698,284,"['dbr:Ronald_Reagan\n', 'dbr:Ricardo_Hinojosa\n', 'dbr:Harvard_Law_School\n', 'dbr:Michelle_Obama\n']"
1032631,dbr:George_H._W._Bush,571,dbo:spouse,1778951,dbr:Michelle_Obama,0,0.161473755,285,"['dbr:George_H._W._Bush\n', 'dbr:Spin_(1995_film)\n', 'dbr:Laura_Bush\n', 'dbr:Michelle_Obama\n']"
413832,dbr:Bill_Clinton,571,dbo:spouse,1778951,dbr:Michelle_Obama,0,0.161473755,286,"['dbr:Bill_Clinton\n', 'dbr:Spin_(1995_film)\n', 'dbr:Laura_Bush\n', 'dbr:Michelle_Obama\n']"
1036228,dbr:George_W._Bush,571,dbo:spouse,1778951,dbr:Michelle_Obama,0,0.257044844,287,"['dbr:George_W._Bush\n', 'dbr:Laura_Bush\n', 'dbr:Michelle_Obama\n']"
360813,dbr:Barack_Obama,571,dbo:spouse,1778951,dbr:Michelle_Obama,1,0.339453666,288,"['dbr:Barack_Obama\n', 'dbr:Family_of_Barack_Obama\n', 'dbr:Michelle_Obama\n']"
2245582,dbr:Ronald_Reagan,571,dbo:spouse,958544,dbr:Florence_Harding,0,0.087834015,29,"['dbr:Ronald_Reagan\n', 'db:ontology/OfficeHolder\n', 'dbr:Florence_Harding\n']"
1170654,dbr:Herbert_Hoover,571,dbo:spouse,826472,dbr:Edith_Bolling_Galt_Wilson,0,0.150083436,3,"['dbr:Herbert_Hoover\n', 'dbr:Warren_G._Harding\n', 'dbr:Florence_Harding\n', 'dbr:Edith_Bolling_Galt_Wilson\n']"
1032631,dbr:George_H._W._Bush,571,dbo:spouse,958544,dbr:Florence_Harding,0,0.087834015,30,"['dbr:George_H._W._Bush\n', 'db:ontology/OfficeHolder\n', 'dbr:Florence_Harding\n']"
413832,dbr:Bill_Clinton,571,dbo:spouse,958544,dbr:Florence_Harding,0,0.097420039,31,"['dbr:Bill_Clinton\n', 'dbr:Mary_Ellen_Withrow\n', 'dbr:Marion_County,_Ohio\n', 'dbr:Marion,_Ohio\n', 'dbr:Florence_Harding\n']"
1036228,dbr:George_W._Bush,571,dbo:spouse,958544,dbr:Florence_Harding,0,0.087834015,32,"['dbr:George_W._Bush\n', 'db:ontology/OfficeHolder\n', 'dbr:Florence_Harding\n']"
360813,dbr:Barack_Obama,571,dbo:spouse,958544,dbr:Florence_Harding,0,0.121900593,33,"['dbr:Barack_Obama\n', 'dbr:White_House\n', 'dbr:Ellen_Axson_Wilson\n', 'dbr:Edith_Bolling_Galt_Wilson\n', 'dbr:Florence_Harding\n']"
2855700,dbr:Woodrow_Wilson,571,dbo:spouse,1078757,dbr:Grace_Coolidge,0,0.193840408,34,"['dbr:Woodrow_Wilson\n', 'dbr:Edith_Bolling_Galt_Wilson\n', 'dbr:Florence_Harding\n', 'dbr:Grace_Coolidge\n']"
2803138,dbr:Warren_G._Harding,571,dbo:spouse,1078757,dbr:Grace_Coolidge,0,0.324734205,35,"['dbr:Warren_G._Harding\n', 'dbr:Florence_Harding\n', 'dbr:Grace_Coolidge\n']"
520375,dbr:Calvin_Coolidge,571,dbo:spouse,1078757,dbr:Grace_Coolidge,1,0.302793107,36,"['dbr:Calvin_Coolidge\n', 'dbr:John_Coolidge\n', 'dbr:Grace_Coolidge\n']"
1170654,dbr:Herbert_Hoover,571,dbo:spouse,1078757,dbr:Grace_Coolidge,0,0.280508894,37,"['dbr:Herbert_Hoover\n', 'dbr:Lou_Henry_Hoover\n', 'dbr:Grace_Coolidge\n']"
982697,dbr:Franklin_D._Roosevelt,571,dbo:spouse,1078757,dbr:Grace_Coolidge,0,0.148301873,38,"['dbr:Franklin_D._Roosevelt\n', 'dbr:Eleanor_Roosevelt\n', 'dbr:Lou_Henry_Hoover\n', 'dbr:Grace_Coolidge\n']"
1146400,dbr:Harry_S._Truman,571,dbo:spouse,1078757,dbr:Grace_Coolidge,0,0.148301873,39,"['dbr:Harry_S._Truman\n', 'dbr:Eleanor_Roosevelt\n', 'dbr:Lou_Henry_Hoover\n', 'dbr:Grace_Coolidge\n']"
982697,dbr:Franklin_D._Roosevelt,571,dbo:spouse,826472,dbr:Edith_Bolling_Galt_Wilson,0,0.196945864,4,"['dbr:Franklin_D._Roosevelt\n', 'dbr:Woodrow_Wilson\n', 'dbr:Edith_Bolling_Galt_Wilson\n']"
808950,dbr:Dwight_D._Eisenhower,571,dbo:spouse,1078757,dbr:Grace_Coolidge,0,0.167705191,40,"['dbr:Dwight_D._Eisenhower\n', 'dbr:Herbert_Hoover,_Jr.\n', 'dbr:Lou_Henry_Hoover\n', 'dbr:Grace_Coolidge\n']"
1351832,dbr:John_F._Kennedy,571,dbo:spouse,1078757,dbr:Grace_Coolidge,0,0.148301873,41,"['dbr:John_F._Kennedy\n', 'dbr:Eleanor_Roosevelt\n', 'dbr:Lou_Henry_Hoover\n', 'dbr:Grace_Coolidge\n']"
1655502,dbr:Lyndon_B._Johnson,571,dbo:spouse,1078757,dbr:Grace_Coolidge,0,0.133743974,42,"['dbr:Lyndon_B._Johnson\n', 'dbr:J._Edgar_Hoover\n', 'dbr:Calvin_Coolidge\n', 'dbr:Grace_Coolidge\n']"
2208013,dbr:Richard_Nixon,571,dbo:spouse,1078757,dbr:Grace_Coolidge,0,0.133743974,43,"['dbr:Richard_Nixon\n', 'dbr:J._Edgar_Hoover\n', 'dbr:Calvin_Coolidge\n', 'dbr:Grace_Coolidge\n']"
1039239,dbr:Gerald_Ford,571,dbo:spouse,1078757,dbr:Grace_Coolidge,0,0.104425375,44,"['dbr:Gerald_Ford\n', 'dbr:Betty_Ford\n', 'dbr:First_Lady_of_the_United_States\n', 'dbr:Lou_Henry_Hoover\n', 'dbr:Grace_Coolidge\n']"
1334643,dbr:Jimmy_Carter,571,dbo:spouse,1078757,dbr:Grace_Coolidge,0,0.113347267,45,"['dbr:Jimmy_Carter\n', 'dbr:Esther_Peterson\n', 'dbr:Eleanor_Roosevelt\n', 'dbr:Lou_Henry_Hoover\n', 'dbr:Grace_Coolidge\n']"
2245582,dbr:Ronald_Reagan,571,dbo:spouse,1078757,dbr:Grace_Coolidge,0,0.10380578,46,"['dbr:Ronald_Reagan\n', 'dbr:Nancy_Reagan\n', 'dbr:First_Lady_of_the_United_States\n', 'dbr:Lou_Henry_Hoover\n', 'dbr:Grace_Coolidge\n']"
1032631,dbr:George_H._W._Bush,571,dbo:spouse,1078757,dbr:Grace_Coolidge,0,0.10122997,47,"['dbr:George_H._W._Bush\n', 'dbr:Barbara_Bush\n', 'dbr:First_Lady_of_the_United_States\n', 'dbr:Lou_Henry_Hoover\n', 'dbr:Grace_Coolidge\n']"
413832,dbr:Bill_Clinton,571,dbo:spouse,1078757,dbr:Grace_Coolidge,0,0.120975614,48,"['dbr:Bill_Clinton\n', 'dbr:Fred_I._Parker\n', 'dbr:Burlington,_Vermont\n', 'dbr:Grace_Coolidge\n']"
1036228,dbr:George_W._Bush,571,dbo:spouse,1078757,dbr:Grace_Coolidge,0,0.101260012,49,"['dbr:George_W._Bush\n', 'dbr:Peter_W._Hall\n', 'dbr:Fred_I._Parker\n', 'dbr:Burlington,_Vermont\n', 'dbr:Grace_Coolidge\n']"
1146400,dbr:Harry_S._Truman,571,dbo:spouse,826472,dbr:Edith_Bolling_Galt_Wilson,0,0.103492832,5,"['dbr:Harry_S._Truman\n', 'dbr:Franklin_D._Roosevelt\n', 'dbr:Woodrow_Wilson\n', 'dbr:Edith_Bolling_Galt_Wilson\n']"
360813,dbr:Barack_Obama,571,dbo:spouse,1078757,dbr:Grace_Coolidge,0,0.097939928,50,"['dbr:Barack_Obama\n', 'dbr:Patrick_Fitzgerald\n', 'dbr:Amherst_College\n', 'dbr:John_Coolidge\n', 'dbr:Grace_Coolidge\n']"
2855700,dbr:Woodrow_Wilson,571,dbo:spouse,1635590,dbr:Lou_Henry_Hoover,0,0.139396406,51,"['dbr:Woodrow_Wilson\n', 'dbr:Milton_A._Romjue\n', 'dbr:Herbert_Hoover\n', 'dbr:Lou_Henry_Hoover\n']"
2803138,dbr:Warren_G._Harding,571,dbo:spouse,1635590,dbr:Lou_Henry_Hoover,0,0.213270571,52,"['dbr:Warren_G._Harding\n', 'dbr:Herbert_Hoover\n', 'dbr:Lou_Henry_Hoover\n']"
520375,dbr:Calvin_Coolidge,571,dbo:spouse,1635590,dbr:Lou_Henry_Hoover,0,0.29429983,53,"['dbr:Calvin_Coolidge\n', 'dbr:Grace_Coolidge\n', 'dbr:Lou_Henry_Hoover\n']"
1170654,dbr:Herbert_Hoover,571,dbo:spouse,1635590,dbr:Lou_Henry_Hoover,1,0.419059784,54,"['dbr:Herbert_Hoover\n', 'dbr:De_re_metallica\n', 'dbr:Lou_Henry_Hoover\n']"
982697,dbr:Franklin_D._Roosevelt,571,dbo:spouse,1635590,dbr:Lou_Henry_Hoover,0,0.239345887,55,"['dbr:Franklin_D._Roosevelt\n', 'dbr:Eleanor_Roosevelt\n', 'dbr:Lou_Henry_Hoover\n']"
1146400,dbr:Harry_S._Truman,571,dbo:spouse,1635590,dbr:Lou_Henry_Hoover,0,0.239345887,56,"['dbr:Harry_S._Truman\n', 'dbr:Eleanor_Roosevelt\n', 'dbr:Lou_Henry_Hoover\n']"
808950,dbr:Dwight_D._Eisenhower,571,dbo:spouse,1635590,dbr:Lou_Henry_Hoover,0,0.29429983,57,"['dbr:Dwight_D._Eisenhower\n', 'dbr:Herbert_Hoover,_Jr.\n', 'dbr:Lou_Henry_Hoover\n']"
1351832,dbr:John_F._Kennedy,571,dbo:spouse,1635590,dbr:Lou_Henry_Hoover,0,0.239345887,58,"['dbr:John_F._Kennedy\n', 'dbr:Eleanor_Roosevelt\n', 'dbr:Lou_Henry_Hoover\n']"
1655502,dbr:Lyndon_B._Johnson,571,dbo:spouse,1635590,dbr:Lou_Henry_Hoover,0,0.159808348,59,"['dbr:Lyndon_B._Johnson\n', 'dbr:Esther_Peterson\n', 'dbr:Eleanor_Roosevelt\n', 'dbr:Lou_Henry_Hoover\n']"
808950,dbr:Dwight_D._Eisenhower,571,dbo:spouse,826472,dbr:Edith_Bolling_Galt_Wilson,0,0.095783776,6,"['dbr:Dwight_D._Eisenhower\n', 'dbr:Herbert_Hoover,_Jr.\n', 'dbr:Lou_Henry_Hoover\n', 'dbr:Grace_Coolidge\n', 'dbr:Florence_Harding\n', 'dbr:Edith_Bolling_Galt_Wilson\n']"
2208013,dbr:Richard_Nixon,571,dbo:spouse,1635590,dbr:Lou_Henry_Hoover,0,0.16618805,60,"['dbr:Richard_Nixon\n', 'dbr:Quakers\n', 'dbr:Lou_Henry_Hoover\n']"
1039239,dbr:Gerald_Ford,571,dbo:spouse,1635590,dbr:Lou_Henry_Hoover,0,0.14262757,61,"['dbr:Gerald_Ford\n', 'dbr:Betty_Ford\n', 'dbr:First_Lady_of_the_United_States\n', 'dbr:Lou_Henry_Hoover\n']"
1334643,dbr:Jimmy_Carter,571,dbo:spouse,1635590,dbr:Lou_Henry_Hoover,0,0.159808348,62,"['dbr:Jimmy_Carter\n', 'dbr:Esther_Peterson\n', 'dbr:Eleanor_Roosevelt\n', 'dbr:Lou_Henry_Hoover\n']"
2245582,dbr:Ronald_Reagan,571,dbo:spouse,1635590,dbr:Lou_Henry_Hoover,0,0.141474221,63,"['dbr:Ronald_Reagan\n', 'dbr:Nancy_Reagan\n', 'dbr:First_Lady_of_the_United_States\n', 'dbr:Lou_Henry_Hoover\n']"
1032631,dbr:George_H._W._Bush,571,dbo:spouse,1635590,dbr:Lou_Henry_Hoover,0,0.13673254,64,"['dbr:George_H._W._Bush\n', 'dbr:Barbara_Bush\n', 'dbr:First_Lady_of_the_United_States\n', 'dbr:Lou_Henry_Hoover\n']"
413832,dbr:Bill_Clinton,571,dbo:spouse,1635590,dbr:Lou_Henry_Hoover,0,0.093773232,65,"['dbr:Bill_Clinton\n', 'dbr:Fred_I._Parker\n', 'dbr:Burlington,_Vermont\n', 'dbr:Grace_Coolidge\n', 'dbr:Lou_Henry_Hoover\n']"
1036228,dbr:George_W._Bush,571,dbo:spouse,1635590,dbr:Lou_Henry_Hoover,0,0.13673254,66,"['dbr:George_W._Bush\n', 'dbr:Barbara_Bush\n', 'dbr:First_Lady_of_the_United_States\n', 'dbr:Lou_Henry_Hoover\n']"
360813,dbr:Barack_Obama,571,dbo:spouse,1635590,dbr:Lou_Henry_Hoover,0,0.102056909,67,"['dbr:Barack_Obama\n', 'dbr:The_After_Party:_The_Last_Party_3\n', 'dbr:Barbara_Bush\n', 'dbr:First_Lady_of_the_United_States\n', 'dbr:Lou_Henry_Hoover\n']"
2855700,dbr:Woodrow_Wilson,571,dbo:spouse,840979,dbr:Eleanor_Roosevelt,0,0.179052072,68,"['dbr:Woodrow_Wilson\n', 'dbr:Franklin_D._Roosevelt\n', 'dbr:Eleanor_Roosevelt\n']"
2803138,dbr:Warren_G._Harding,571,dbo:spouse,840979,dbr:Eleanor_Roosevelt,0,0.13785823,69,"['dbr:Warren_G._Harding\n', 'dbr:Herbert_Hoover\n', 'dbr:Lou_Henry_Hoover\n', 'dbr:Eleanor_Roosevelt\n']"
1351832,dbr:John_F._Kennedy,571,dbo:spouse,826472,dbr:Edith_Bolling_Galt_Wilson,0,0.093105553,7,"['dbr:John_F._Kennedy\n', 'dbr:Cyrus_Vance\n', 'dbr:John_W._Davis\n', 'dbr:Woodrow_Wilson\n', 'dbr:Edith_Bolling_Galt_Wilson\n']"
520375,dbr:Calvin_Coolidge,571,dbo:spouse,840979,dbr:Eleanor_Roosevelt,0,0.167705191,70,"['dbr:Calvin_Coolidge\n', 'dbr:Grace_Coolidge\n', 'dbr:Lou_Henry_Hoover\n', 'dbr:Eleanor_Roosevelt\n']"
1170654,dbr:Herbert_Hoover,571,dbo:spouse,840979,dbr:Eleanor_Roosevelt,0,0.280508894,71,"['dbr:Herbert_Hoover\n', 'dbr:Lou_Henry_Hoover\n', 'dbr:Eleanor_Roosevelt\n']"
982697,dbr:Franklin_D._Roosevelt,571,dbo:spouse,840979,dbr:Eleanor_Roosevelt,1,0.590616109,72,"['dbr:Franklin_D._Roosevelt\n', 'dbr:Anna_Roosevelt_Halsted\n', 'dbr:Eleanor_Roosevelt\n']"
1146400,dbr:Harry_S._Truman,571,dbo:spouse,840979,dbr:Eleanor_Roosevelt,1,0.286951732,73,"['dbr:Harry_S._Truman\n', 'dbr:Bess_Truman\n', 'dbr:Eleanor_Roosevelt\n']"
808950,dbr:Dwight_D._Eisenhower,571,dbo:spouse,840979,dbr:Eleanor_Roosevelt,0,0.180398128,74,"['dbr:Dwight_D._Eisenhower\n', 'dbr:Harry_S._Truman\n', 'dbr:Eleanor_Roosevelt\n']"
1351832,dbr:John_F._Kennedy,571,dbo:spouse,840979,dbr:Eleanor_Roosevelt,1,0.13379912,75,"['dbr:John_F._Kennedy\n', 'dbr:Jacqueline_Kennedy_Onassis\n', 'dbr:First_Lady_of_the_United_States\n', 'dbr:Eleanor_Roosevelt\n']"
1655502,dbr:Lyndon_B._Johnson,571,dbo:spouse,840979,dbr:Eleanor_Roosevelt,0,0.324734205,76,"['dbr:Lyndon_B._Johnson\n', 'dbr:Esther_Peterson\n', 'dbr:Eleanor_Roosevelt\n']"
2208013,dbr:Richard_Nixon,571,dbo:spouse,840979,dbr:Eleanor_Roosevelt,0,0.179715569,77,"['dbr:Richard_Nixon\n', 'dbr:Virginia_Knauer\n', 'dbr:Esther_Peterson\n', 'dbr:Eleanor_Roosevelt\n']"
1039239,dbr:Gerald_Ford,571,dbo:spouse,840979,dbr:Eleanor_Roosevelt,0,0.179715569,78,"['dbr:Gerald_Ford\n', 'dbr:Virginia_Knauer\n', 'dbr:Esther_Peterson\n', 'dbr:Eleanor_Roosevelt\n']"
1334643,dbr:Jimmy_Carter,571,dbo:spouse,840979,dbr:Eleanor_Roosevelt,0,0.324734205,79,"['dbr:Jimmy_Carter\n', 'dbr:Esther_Peterson\n', 'dbr:Eleanor_Roosevelt\n']"
1655502,dbr:Lyndon_B._Johnson,571,dbo:spouse,826472,dbr:Edith_Bolling_Galt_Wilson,0,0.093105553,8,"['dbr:Lyndon_B._Johnson\n', 'dbr:Cyrus_Vance\n', 'dbr:John_W._Davis\n', 'dbr:Woodrow_Wilson\n', 'dbr:Edith_Bolling_Galt_Wilson\n']"
2245582,dbr:Ronald_Reagan,571,dbo:spouse,840979,dbr:Eleanor_Roosevelt,0,0.179715569,80,"['dbr:Ronald_Reagan\n', 'dbr:Virginia_Knauer\n', 'dbr:Esther_Peterson\n', 'dbr:Eleanor_Roosevelt\n']"
1032631,dbr:George_H._W._Bush,571,dbo:spouse,840979,dbr:Eleanor_Roosevelt,0,0.13673254,81,"['dbr:George_H._W._Bush\n', 'dbr:Barbara_Bush\n', 'dbr:First_Lady_of_the_United_States\n', 'dbr:Eleanor_Roosevelt\n']"
413832,dbr:Bill_Clinton,571,dbo:spouse,840979,dbr:Eleanor_Roosevelt,0,0.100685179,82,"['dbr:Bill_Clinton\n', 'dbr:William_J._Hughes\n', 'dbr:Episcopal_Church_(United_States)\n', 'dbr:Eleanor_Roosevelt\n']"
1036228,dbr:George_W._Bush,571,dbo:spouse,840979,dbr:Eleanor_Roosevelt,0,0.13673254,83,"['dbr:George_W._Bush\n', 'dbr:Barbara_Bush\n', 'dbr:First_Lady_of_the_United_States\n', 'dbr:Eleanor_Roosevelt\n']"
360813,dbr:Barack_Obama,571,dbo:spouse,840979,dbr:Eleanor_Roosevelt,0,0.102199595,84,"['dbr:Barack_Obama\n', 'dbr:John_T._Morton\n', 'dbr:University_of_Virginia_School_of_Law\n', 'dbr:Franklin_Delano_Roosevelt,_Jr.\n', 'dbr:Eleanor_Roosevelt\n']"
2855700,dbr:Woodrow_Wilson,571,dbo:spouse,403020,dbr:Bess_Truman,0,0.115534936,85,"['dbr:Woodrow_Wilson\n', 'dbr:Ellen_Axson_Wilson\n', 'dbr:Helen_Herron_Taft\n', 'dbr:First_Lady_of_the_United_States\n', 'dbr:Bess_Truman\n']"
2803138,dbr:Warren_G._Harding,571,dbo:spouse,403020,dbr:Bess_Truman,0,0.100008747,86,"['dbr:Warren_G._Harding\n', 'dbr:Charles_G._Dawes\n', 'dbr:Caro_Dawes\n', 'dbr:Mariette_Rheiner_Garner\n', 'dbr:Ilo_Wallace\n', 'dbr:Bess_Truman\n']"
520375,dbr:Calvin_Coolidge,571,dbo:spouse,403020,dbr:Bess_Truman,0,0.123331264,87,"['dbr:Calvin_Coolidge\n', 'dbr:J._Edgar_Hoover\n', 'dbr:Harry_S._Truman\n', 'dbr:Bess_Truman\n']"
1170654,dbr:Herbert_Hoover,571,dbo:spouse,403020,dbr:Bess_Truman,0,0.148301873,88,"['dbr:Herbert_Hoover\n', 'dbr:Lou_Henry_Hoover\n', 'dbr:Eleanor_Roosevelt\n', 'dbr:Bess_Truman\n']"
982697,dbr:Franklin_D._Roosevelt,571,dbo:spouse,403020,dbr:Bess_Truman,0,0.239345887,89,"['dbr:Franklin_D._Roosevelt\n', 'dbr:Eleanor_Roosevelt\n', 'dbr:Bess_Truman\n']"
2208013,dbr:Richard_Nixon,571,dbo:spouse,826472,dbr:Edith_Bolling_Galt_Wilson,0,0.092495196,9,"['dbr:Richard_Nixon\n', 'dbr:James_Q._Reber\n', 'dbr:Washington,_D.C.\n', 'dbr:Edith_Bolling_Galt_Wilson\n']"
1146400,dbr:Harry_S._Truman,571,dbo:spouse,403020,dbr:Bess_Truman,1,0.280508894,90,"['dbr:Harry_S._Truman\n', 'dbr:Margaret_Truman\n', 'dbr:Bess_Truman\n']"
808950,dbr:Dwight_D._Eisenhower,571,dbo:spouse,403020,dbr:Bess_Truman,0,0.280508894,91,"['dbr:Dwight_D._Eisenhower\n', 'dbr:Mamie_Eisenhower\n', 'dbr:Bess_Truman\n']"
1351832,dbr:John_F._Kennedy,571,dbo:spouse,403020,dbr:Bess_Truman,0,0.239345887,92,"['dbr:John_F._Kennedy\n', 'dbr:Eleanor_Roosevelt\n', 'dbr:Bess_Truman\n']"
1655502,dbr:Lyndon_B._Johnson,571,dbo:spouse,403020,dbr:Bess_Truman,0,0.159808348,93,"['dbr:Lyndon_B._Johnson\n', 'dbr:Esther_Peterson\n', 'dbr:Eleanor_Roosevelt\n', 'dbr:Bess_Truman\n']"
2208013,dbr:Richard_Nixon,571,dbo:spouse,403020,dbr:Bess_Truman,0,0.174871067,94,"['dbr:Richard_Nixon\n', 'dbr:Pat_Nixon\n', 'dbr:Jane_Hadley_Barkley\n', 'dbr:Bess_Truman\n']"
1039239,dbr:Gerald_Ford,571,dbo:spouse,403020,dbr:Bess_Truman,0,0.14262757,95,"['dbr:Gerald_Ford\n', 'dbr:Betty_Ford\n', 'dbr:First_Lady_of_the_United_States\n', 'dbr:Bess_Truman\n']"
1334643,dbr:Jimmy_Carter,571,dbo:spouse,403020,dbr:Bess_Truman,0,0.159808348,96,"['dbr:Jimmy_Carter\n', 'dbr:Esther_Peterson\n', 'dbr:Eleanor_Roosevelt\n', 'dbr:Bess_Truman\n']"
2245582,dbr:Ronald_Reagan,571,dbo:spouse,403020,dbr:Bess_Truman,0,0.141474221,97,"['dbr:Ronald_Reagan\n', 'dbr:Nancy_Reagan\n', 'dbr:First_Lady_of_the_United_States\n', 'dbr:Bess_Truman\n']"
1032631,dbr:George_H._W._Bush,571,dbo:spouse,403020,dbr:Bess_Truman,0,0.13673254,98,"['dbr:George_H._W._Bush\n', 'dbr:Barbara_Bush\n', 'dbr:First_Lady_of_the_United_States\n', 'dbr:Bess_Truman\n']"
413832,dbr:Bill_Clinton,571,dbo:spouse,403020,dbr:Bess_Truman,0,0.100685179,99,"['dbr:Bill_Clinton\n', 'dbr:William_J._Hughes\n', 'dbr:Episcopal_Church_(United_States)\n', 'dbr:Bess_Truman\n']"
